Headers,HeadersThumbs,HeadersDisplay,collection1Thumbs,collection1HD,collection2Thumbs,collection2HD,collection3Thumbs,collection3HD,collection4Thumbs,collection4HD,collection5Thumbs,collection5HD,collection6Thumbs,collection6HD,collection7Thumbs,collection7HD,collection8Thumbs,collection8HD,collection9Thumbs,collection9HD,collection10Thumbs,collection10HD
collection1,https://raw.githubusercontent.com/indpDB/UC-ImageApp-BengaliQuotes/master/C1/TH/1.png,Yes,https://raw.githubusercontent.com/indpDB/UC-ImageApp-BengaliQuotes/master/C1/TH/1.png,https://raw.githubusercontent.com/indpDB/UC-ImageApp-BengaliQuotes/master/C1/HD/1.png,https://raw.githubusercontent.com/indpDB/UC-ImageApp-BengaliQuotes/master/C2/TH/1.png,https://raw.githubusercontent.com/indpDB/UC-ImageApp-BengaliQuotes/master/C2/HD/1.png,https://raw.githubusercontent.com/indpDB/UC-ImageApp-BengaliQuotes/master/C3/TH/1.png,https://raw.githubusercontent.com/indpDB/UC-ImageApp-BengaliQuotes/master/C3/HD/1.png,https://raw.githubusercontent.com/indpDB/UC-ImageApp-BengaliQuotes/master/C4/TH/1.png,https://raw.githubusercontent.com/indpDB/UC-ImageApp-BengaliQuotes/master/C4/HD/1.png,https://raw.githubusercontent.com/indpDB/UC-ImageApp-BengaliQuotes/master/C5/TH/1.png,https://raw.githubusercontent.com/indpDB/UC-ImageApp-BengaliQuotes/master/C5/HD/1.png,https://raw.githubusercontent.com/indpDB/UC-ImageApp-BengaliQuotes/master/C6/TH/1.png,https://raw.githubusercontent.com/indpDB/UC-ImageApp-BengaliQuotes/master/C6/HD/1.png,https://raw.githubusercontent.com/indpDB/UC-ImageApp-BengaliQuotes/master/C7/TH/1.png,https://raw.githubusercontent.com/indpDB/UC-ImageApp-BengaliQuotes/master/C7/HD/1.png,https://raw.githubusercontent.com/indpDB/UC-ImageApp-BengaliQuotes/master/C8/TH/1.png,https://raw.githubusercontent.com/indpDB/UC-ImageApp-BengaliQuotes/master/C8/HD/1.png,https://raw.githubusercontent.com/indpDB/UC-ImageApp-BengaliQuotes/master/C9/TH/1.png,https://raw.githubusercontent.com/indpDB/UC-ImageApp-BengaliQuotes/master/C9/HD/1.png,https://raw.githubusercontent.com/indpDB/UC-ImageApp-BengaliQuotes/master/C10/TH/1.png,https://raw.githubusercontent.com/indpDB/UC-ImageApp-BengaliQuotes/master/C10/HD/1.png
collection2,https://raw.githubusercontent.com/indpDB/UC-ImageApp-BengaliQuotes/master/C2/TH/1.png,Yes,https://raw.githubusercontent.com/indpDB/UC-ImageApp-BengaliQuotes/master/C1/TH/2.png,https://raw.githubusercontent.com/indpDB/UC-ImageApp-BengaliQuotes/master/C1/HD/2.png,https://raw.githubusercontent.com/indpDB/UC-ImageApp-BengaliQuotes/master/C2/TH/2.png,https://raw.githubusercontent.com/indpDB/UC-ImageApp-BengaliQuotes/master/C2/HD/2.png,https://raw.githubusercontent.com/indpDB/UC-ImageApp-BengaliQuotes/master/C3/TH/2.png,https://raw.githubusercontent.com/indpDB/UC-ImageApp-BengaliQuotes/master/C3/HD/2.png,https://raw.githubusercontent.com/indpDB/UC-ImageApp-BengaliQuotes/master/C4/TH/2.png,https://raw.githubusercontent.com/indpDB/UC-ImageApp-BengaliQuotes/master/C4/HD/2.png,https://raw.githubusercontent.com/indpDB/UC-ImageApp-BengaliQuotes/master/C5/TH/2.png,https://raw.githubusercontent.com/indpDB/UC-ImageApp-BengaliQuotes/master/C5/HD/2.png,https://raw.githubusercontent.com/indpDB/UC-ImageApp-BengaliQuotes/master/C6/TH/2.png,https://raw.githubusercontent.com/indpDB/UC-ImageApp-BengaliQuotes/master/C6/HD/2.png,https://raw.githubusercontent.com/indpDB/UC-ImageApp-BengaliQuotes/master/C7/TH/2.png,https://raw.githubusercontent.com/indpDB/UC-ImageApp-BengaliQuotes/master/C7/HD/2.png,https://raw.githubusercontent.com/indpDB/UC-ImageApp-BengaliQuotes/master/C8/TH/2.png,https://raw.githubusercontent.com/indpDB/UC-ImageApp-BengaliQuotes/master/C8/HD/2.png,https://raw.githubusercontent.com/indpDB/UC-ImageApp-BengaliQuotes/master/C9/TH/2.png,https://raw.githubusercontent.com/indpDB/UC-ImageApp-BengaliQuotes/master/C9/HD/2.png,https://raw.githubusercontent.com/indpDB/UC-ImageApp-BengaliQuotes/master/C10/TH/2.png,https://raw.githubusercontent.com/indpDB/UC-ImageApp-BengaliQuotes/master/C10/HD/2.png
collection3,https://raw.githubusercontent.com/indpDB/UC-ImageApp-BengaliQuotes/master/C3/TH/1.png,Yes,https://raw.githubusercontent.com/indpDB/UC-ImageApp-BengaliQuotes/master/C1/TH/3.png,https://raw.githubusercontent.com/indpDB/UC-ImageApp-BengaliQuotes/master/C1/HD/3.png,https://raw.githubusercontent.com/indpDB/UC-ImageApp-BengaliQuotes/master/C2/TH/3.png,https://raw.githubusercontent.com/indpDB/UC-ImageApp-BengaliQuotes/master/C2/HD/3.png,https://raw.githubusercontent.com/indpDB/UC-ImageApp-BengaliQuotes/master/C3/TH/3.png,https://raw.githubusercontent.com/indpDB/UC-ImageApp-BengaliQuotes/master/C3/HD/3.png,https://raw.githubusercontent.com/indpDB/UC-ImageApp-BengaliQuotes/master/C4/TH/3.png,https://raw.githubusercontent.com/indpDB/UC-ImageApp-BengaliQuotes/master/C4/HD/3.png,https://raw.githubusercontent.com/indpDB/UC-ImageApp-BengaliQuotes/master/C5/TH/3.png,https://raw.githubusercontent.com/indpDB/UC-ImageApp-BengaliQuotes/master/C5/HD/3.png,https://raw.githubusercontent.com/indpDB/UC-ImageApp-BengaliQuotes/master/C6/TH/3.png,https://raw.githubusercontent.com/indpDB/UC-ImageApp-BengaliQuotes/master/C6/HD/3.png,https://raw.githubusercontent.com/indpDB/UC-ImageApp-BengaliQuotes/master/C7/TH/3.png,https://raw.githubusercontent.com/indpDB/UC-ImageApp-BengaliQuotes/master/C7/HD/3.png,https://raw.githubusercontent.com/indpDB/UC-ImageApp-BengaliQuotes/master/C8/TH/3.png,https://raw.githubusercontent.com/indpDB/UC-ImageApp-BengaliQuotes/master/C8/HD/3.png,https://raw.githubusercontent.com/indpDB/UC-ImageApp-BengaliQuotes/master/C9/TH/3.png,https://raw.githubusercontent.com/indpDB/UC-ImageApp-BengaliQuotes/master/C9/HD/3.png,https://raw.githubusercontent.com/indpDB/UC-ImageApp-BengaliQuotes/master/C10/TH/3.png,https://raw.githubusercontent.com/indpDB/UC-ImageApp-BengaliQuotes/master/C10/HD/3.png
collection4,https://raw.githubusercontent.com/indpDB/UC-ImageApp-BengaliQuotes/master/C4/TH/1.png,Yes,https://raw.githubusercontent.com/indpDB/UC-ImageApp-BengaliQuotes/master/C1/TH/4.png,https://raw.githubusercontent.com/indpDB/UC-ImageApp-BengaliQuotes/master/C1/HD/4.png,https://raw.githubusercontent.com/indpDB/UC-ImageApp-BengaliQuotes/master/C2/TH/4.png,https://raw.githubusercontent.com/indpDB/UC-ImageApp-BengaliQuotes/master/C2/HD/4.png,https://raw.githubusercontent.com/indpDB/UC-ImageApp-BengaliQuotes/master/C3/TH/4.png,https://raw.githubusercontent.com/indpDB/UC-ImageApp-BengaliQuotes/master/C3/HD/4.png,https://raw.githubusercontent.com/indpDB/UC-ImageApp-BengaliQuotes/master/C4/TH/4.png,https://raw.githubusercontent.com/indpDB/UC-ImageApp-BengaliQuotes/master/C4/HD/4.png,https://raw.githubusercontent.com/indpDB/UC-ImageApp-BengaliQuotes/master/C5/TH/4.png,https://raw.githubusercontent.com/indpDB/UC-ImageApp-BengaliQuotes/master/C5/HD/4.png,https://raw.githubusercontent.com/indpDB/UC-ImageApp-BengaliQuotes/master/C6/TH/4.png,https://raw.githubusercontent.com/indpDB/UC-ImageApp-BengaliQuotes/master/C6/HD/4.png,https://raw.githubusercontent.com/indpDB/UC-ImageApp-BengaliQuotes/master/C7/TH/4.png,https://raw.githubusercontent.com/indpDB/UC-ImageApp-BengaliQuotes/master/C7/HD/4.png,https://raw.githubusercontent.com/indpDB/UC-ImageApp-BengaliQuotes/master/C8/TH/4.png,https://raw.githubusercontent.com/indpDB/UC-ImageApp-BengaliQuotes/master/C8/HD/4.png,https://raw.githubusercontent.com/indpDB/UC-ImageApp-BengaliQuotes/master/C9/TH/4.png,https://raw.githubusercontent.com/indpDB/UC-ImageApp-BengaliQuotes/master/C9/HD/4.png,https://raw.githubusercontent.com/indpDB/UC-ImageApp-BengaliQuotes/master/C10/TH/4.png,https://raw.githubusercontent.com/indpDB/UC-ImageApp-BengaliQuotes/master/C10/HD/4.png
collection5,https://raw.githubusercontent.com/indpDB/UC-ImageApp-BengaliQuotes/master/C5/TH/1.png,Yes,https://raw.githubusercontent.com/indpDB/UC-ImageApp-BengaliQuotes/master/C1/TH/5.png,https://raw.githubusercontent.com/indpDB/UC-ImageApp-BengaliQuotes/master/C1/HD/5.png,https://raw.githubusercontent.com/indpDB/UC-ImageApp-BengaliQuotes/master/C2/TH/5.png,https://raw.githubusercontent.com/indpDB/UC-ImageApp-BengaliQuotes/master/C2/HD/5.png,https://raw.githubusercontent.com/indpDB/UC-ImageApp-BengaliQuotes/master/C3/TH/5.png,https://raw.githubusercontent.com/indpDB/UC-ImageApp-BengaliQuotes/master/C3/HD/5.png,https://raw.githubusercontent.com/indpDB/UC-ImageApp-BengaliQuotes/master/C4/TH/5.png,https://raw.githubusercontent.com/indpDB/UC-ImageApp-BengaliQuotes/master/C4/HD/5.png,https://raw.githubusercontent.com/indpDB/UC-ImageApp-BengaliQuotes/master/C5/TH/5.png,https://raw.githubusercontent.com/indpDB/UC-ImageApp-BengaliQuotes/master/C5/HD/5.png,https://raw.githubusercontent.com/indpDB/UC-ImageApp-BengaliQuotes/master/C6/TH/5.png,https://raw.githubusercontent.com/indpDB/UC-ImageApp-BengaliQuotes/master/C6/HD/5.png,https://raw.githubusercontent.com/indpDB/UC-ImageApp-BengaliQuotes/master/C7/TH/5.png,https://raw.githubusercontent.com/indpDB/UC-ImageApp-BengaliQuotes/master/C7/HD/5.png,https://raw.githubusercontent.com/indpDB/UC-ImageApp-BengaliQuotes/master/C8/TH/5.png,https://raw.githubusercontent.com/indpDB/UC-ImageApp-BengaliQuotes/master/C8/HD/5.png,https://raw.githubusercontent.com/indpDB/UC-ImageApp-BengaliQuotes/master/C9/TH/5.png,https://raw.githubusercontent.com/indpDB/UC-ImageApp-BengaliQuotes/master/C9/HD/5.png,https://raw.githubusercontent.com/indpDB/UC-ImageApp-BengaliQuotes/master/C10/TH/5.png,https://raw.githubusercontent.com/indpDB/UC-ImageApp-BengaliQuotes/master/C10/HD/5.png
collection6,https://raw.githubusercontent.com/indpDB/UC-ImageApp-BengaliQuotes/master/C6/TH/1.png,Yes,https://raw.githubusercontent.com/indpDB/UC-ImageApp-BengaliQuotes/master/C1/TH/6.png,https://raw.githubusercontent.com/indpDB/UC-ImageApp-BengaliQuotes/master/C1/HD/6.png,https://raw.githubusercontent.com/indpDB/UC-ImageApp-BengaliQuotes/master/C2/TH/6.png,https://raw.githubusercontent.com/indpDB/UC-ImageApp-BengaliQuotes/master/C2/HD/6.png,https://raw.githubusercontent.com/indpDB/UC-ImageApp-BengaliQuotes/master/C3/TH/6.png,https://raw.githubusercontent.com/indpDB/UC-ImageApp-BengaliQuotes/master/C3/HD/6.png,https://raw.githubusercontent.com/indpDB/UC-ImageApp-BengaliQuotes/master/C4/TH/6.png,https://raw.githubusercontent.com/indpDB/UC-ImageApp-BengaliQuotes/master/C4/HD/6.png,https://raw.githubusercontent.com/indpDB/UC-ImageApp-BengaliQuotes/master/C5/TH/6.png,https://raw.githubusercontent.com/indpDB/UC-ImageApp-BengaliQuotes/master/C5/HD/6.png,https://raw.githubusercontent.com/indpDB/UC-ImageApp-BengaliQuotes/master/C6/TH/6.png,https://raw.githubusercontent.com/indpDB/UC-ImageApp-BengaliQuotes/master/C6/HD/6.png,https://raw.githubusercontent.com/indpDB/UC-ImageApp-BengaliQuotes/master/C7/TH/6.png,https://raw.githubusercontent.com/indpDB/UC-ImageApp-BengaliQuotes/master/C7/HD/6.png,https://raw.githubusercontent.com/indpDB/UC-ImageApp-BengaliQuotes/master/C8/TH/6.png,https://raw.githubusercontent.com/indpDB/UC-ImageApp-BengaliQuotes/master/C8/HD/6.png,https://raw.githubusercontent.com/indpDB/UC-ImageApp-BengaliQuotes/master/C9/TH/6.png,https://raw.githubusercontent.com/indpDB/UC-ImageApp-BengaliQuotes/master/C9/HD/6.png,https://raw.githubusercontent.com/indpDB/UC-ImageApp-BengaliQuotes/master/C10/TH/6.png,https://raw.githubusercontent.com/indpDB/UC-ImageApp-BengaliQuotes/master/C10/HD/6.png
collection7,https://raw.githubusercontent.com/indpDB/UC-ImageApp-BengaliQuotes/master/C7/TH/1.png,Yes,https://raw.githubusercontent.com/indpDB/UC-ImageApp-BengaliQuotes/master/C1/TH/7.png,https://raw.githubusercontent.com/indpDB/UC-ImageApp-BengaliQuotes/master/C1/HD/7.png,https://raw.githubusercontent.com/indpDB/UC-ImageApp-BengaliQuotes/master/C2/TH/7.png,https://raw.githubusercontent.com/indpDB/UC-ImageApp-BengaliQuotes/master/C2/HD/7.png,https://raw.githubusercontent.com/indpDB/UC-ImageApp-BengaliQuotes/master/C3/TH/7.png,https://raw.githubusercontent.com/indpDB/UC-ImageApp-BengaliQuotes/master/C3/HD/7.png,https://raw.githubusercontent.com/indpDB/UC-ImageApp-BengaliQuotes/master/C4/TH/7.png,https://raw.githubusercontent.com/indpDB/UC-ImageApp-BengaliQuotes/master/C4/HD/7.png,https://raw.githubusercontent.com/indpDB/UC-ImageApp-BengaliQuotes/master/C5/TH/7.png,https://raw.githubusercontent.com/indpDB/UC-ImageApp-BengaliQuotes/master/C5/HD/7.png,https://raw.githubusercontent.com/indpDB/UC-ImageApp-BengaliQuotes/master/C6/TH/7.png,https://raw.githubusercontent.com/indpDB/UC-ImageApp-BengaliQuotes/master/C6/HD/7.png,https://raw.githubusercontent.com/indpDB/UC-ImageApp-BengaliQuotes/master/C7/TH/7.png,https://raw.githubusercontent.com/indpDB/UC-ImageApp-BengaliQuotes/master/C7/HD/7.png,https://raw.githubusercontent.com/indpDB/UC-ImageApp-BengaliQuotes/master/C8/TH/7.png,https://raw.githubusercontent.com/indpDB/UC-ImageApp-BengaliQuotes/master/C8/HD/7.png,https://raw.githubusercontent.com/indpDB/UC-ImageApp-BengaliQuotes/master/C9/TH/7.png,https://raw.githubusercontent.com/indpDB/UC-ImageApp-BengaliQuotes/master/C9/HD/7.png,https://raw.githubusercontent.com/indpDB/UC-ImageApp-BengaliQuotes/master/C10/TH/7.png,https://raw.githubusercontent.com/indpDB/UC-ImageApp-BengaliQuotes/master/C10/HD/7.png
collection8,https://raw.githubusercontent.com/indpDB/UC-ImageApp-BengaliQuotes/master/C8/TH/1.png,Yes,https://raw.githubusercontent.com/indpDB/UC-ImageApp-BengaliQuotes/master/C1/TH/8.png,https://raw.githubusercontent.com/indpDB/UC-ImageApp-BengaliQuotes/master/C1/HD/8.png,https://raw.githubusercontent.com/indpDB/UC-ImageApp-BengaliQuotes/master/C2/TH/8.png,https://raw.githubusercontent.com/indpDB/UC-ImageApp-BengaliQuotes/master/C2/HD/8.png,https://raw.githubusercontent.com/indpDB/UC-ImageApp-BengaliQuotes/master/C3/TH/8.png,https://raw.githubusercontent.com/indpDB/UC-ImageApp-BengaliQuotes/master/C3/HD/8.png,https://raw.githubusercontent.com/indpDB/UC-ImageApp-BengaliQuotes/master/C4/TH/8.png,https://raw.githubusercontent.com/indpDB/UC-ImageApp-BengaliQuotes/master/C4/HD/8.png,https://raw.githubusercontent.com/indpDB/UC-ImageApp-BengaliQuotes/master/C5/TH/8.png,https://raw.githubusercontent.com/indpDB/UC-ImageApp-BengaliQuotes/master/C5/HD/8.png,https://raw.githubusercontent.com/indpDB/UC-ImageApp-BengaliQuotes/master/C6/TH/8.png,https://raw.githubusercontent.com/indpDB/UC-ImageApp-BengaliQuotes/master/C6/HD/8.png,https://raw.githubusercontent.com/indpDB/UC-ImageApp-BengaliQuotes/master/C7/TH/8.png,https://raw.githubusercontent.com/indpDB/UC-ImageApp-BengaliQuotes/master/C7/HD/8.png,https://raw.githubusercontent.com/indpDB/UC-ImageApp-BengaliQuotes/master/C8/TH/8.png,https://raw.githubusercontent.com/indpDB/UC-ImageApp-BengaliQuotes/master/C8/HD/8.png,https://raw.githubusercontent.com/indpDB/UC-ImageApp-BengaliQuotes/master/C9/TH/8.png,https://raw.githubusercontent.com/indpDB/UC-ImageApp-BengaliQuotes/master/C9/HD/8.png,https://raw.githubusercontent.com/indpDB/UC-ImageApp-BengaliQuotes/master/C10/TH/8.png,https://raw.githubusercontent.com/indpDB/UC-ImageApp-BengaliQuotes/master/C10/HD/8.png
collection9,https://raw.githubusercontent.com/indpDB/UC-ImageApp-BengaliQuotes/master/C9/TH/1.png,Yes,https://raw.githubusercontent.com/indpDB/UC-ImageApp-BengaliQuotes/master/C1/TH/9.png,https://raw.githubusercontent.com/indpDB/UC-ImageApp-BengaliQuotes/master/C1/HD/9.png,https://raw.githubusercontent.com/indpDB/UC-ImageApp-BengaliQuotes/master/C2/TH/9.png,https://raw.githubusercontent.com/indpDB/UC-ImageApp-BengaliQuotes/master/C2/HD/9.png,https://raw.githubusercontent.com/indpDB/UC-ImageApp-BengaliQuotes/master/C3/TH/9.png,https://raw.githubusercontent.com/indpDB/UC-ImageApp-BengaliQuotes/master/C3/HD/9.png,https://raw.githubusercontent.com/indpDB/UC-ImageApp-BengaliQuotes/master/C4/TH/9.png,https://raw.githubusercontent.com/indpDB/UC-ImageApp-BengaliQuotes/master/C4/HD/9.png,https://raw.githubusercontent.com/indpDB/UC-ImageApp-BengaliQuotes/master/C5/TH/9.png,https://raw.githubusercontent.com/indpDB/UC-ImageApp-BengaliQuotes/master/C5/HD/9.png,https://raw.githubusercontent.com/indpDB/UC-ImageApp-BengaliQuotes/master/C6/TH/9.png,https://raw.githubusercontent.com/indpDB/UC-ImageApp-BengaliQuotes/master/C6/HD/9.png,https://raw.githubusercontent.com/indpDB/UC-ImageApp-BengaliQuotes/master/C7/TH/9.png,https://raw.githubusercontent.com/indpDB/UC-ImageApp-BengaliQuotes/master/C7/HD/9.png,https://raw.githubusercontent.com/indpDB/UC-ImageApp-BengaliQuotes/master/C8/TH/9.png,https://raw.githubusercontent.com/indpDB/UC-ImageApp-BengaliQuotes/master/C8/HD/9.png,https://raw.githubusercontent.com/indpDB/UC-ImageApp-BengaliQuotes/master/C9/TH/9.png,https://raw.githubusercontent.com/indpDB/UC-ImageApp-BengaliQuotes/master/C9/HD/9.png,https://raw.githubusercontent.com/indpDB/UC-ImageApp-BengaliQuotes/master/C10/TH/9.png,https://raw.githubusercontent.com/indpDB/UC-ImageApp-BengaliQuotes/master/C10/HD/9.png
collection10,https://raw.githubusercontent.com/indpDB/UC-ImageApp-BengaliQuotes/master/C10/TH/1.png,Yes,https://raw.githubusercontent.com/indpDB/UC-ImageApp-BengaliQuotes/master/C1/TH/10.png,https://raw.githubusercontent.com/indpDB/UC-ImageApp-BengaliQuotes/master/C1/HD/10.png,https://raw.githubusercontent.com/indpDB/UC-ImageApp-BengaliQuotes/master/C2/TH/10.png,https://raw.githubusercontent.com/indpDB/UC-ImageApp-BengaliQuotes/master/C2/HD/10.png,https://raw.githubusercontent.com/indpDB/UC-ImageApp-BengaliQuotes/master/C3/TH/10.png,https://raw.githubusercontent.com/indpDB/UC-ImageApp-BengaliQuotes/master/C3/HD/10.png,https://raw.githubusercontent.com/indpDB/UC-ImageApp-BengaliQuotes/master/C4/TH/10.png,https://raw.githubusercontent.com/indpDB/UC-ImageApp-BengaliQuotes/master/C4/HD/10.png,https://raw.githubusercontent.com/indpDB/UC-ImageApp-BengaliQuotes/master/C5/TH/10.png,https://raw.githubusercontent.com/indpDB/UC-ImageApp-BengaliQuotes/master/C5/HD/10.png,https://raw.githubusercontent.com/indpDB/UC-ImageApp-BengaliQuotes/master/C6/TH/10.png,https://raw.githubusercontent.com/indpDB/UC-ImageApp-BengaliQuotes/master/C6/HD/10.png,https://raw.githubusercontent.com/indpDB/UC-ImageApp-BengaliQuotes/master/C7/TH/10.png,https://raw.githubusercontent.com/indpDB/UC-ImageApp-BengaliQuotes/master/C7/HD/10.png,https://raw.githubusercontent.com/indpDB/UC-ImageApp-BengaliQuotes/master/C8/TH/10.png,https://raw.githubusercontent.com/indpDB/UC-ImageApp-BengaliQuotes/master/C8/HD/10.png,https://raw.githubusercontent.com/indpDB/UC-ImageApp-BengaliQuotes/master/C9/TH/10.png,https://raw.githubusercontent.com/indpDB/UC-ImageApp-BengaliQuotes/master/C9/HD/10.png,https://raw.githubusercontent.com/indpDB/UC-ImageApp-BengaliQuotes/master/C10/TH/10.png,https://raw.githubusercontent.com/indpDB/UC-ImageApp-BengaliQuotes/master/C10/HD/10.png
,,,https://raw.githubusercontent.com/indpDB/UC-ImageApp-BengaliQuotes/master/C1/TH/11.png,https://raw.githubusercontent.com/indpDB/UC-ImageApp-BengaliQuotes/master/C1/HD/11.png,https://raw.githubusercontent.com/indpDB/UC-ImageApp-BengaliQuotes/master/C2/TH/11.png,https://raw.githubusercontent.com/indpDB/UC-ImageApp-BengaliQuotes/master/C2/HD/11.png,https://raw.githubusercontent.com/indpDB/UC-ImageApp-BengaliQuotes/master/C3/TH/11.png,https://raw.githubusercontent.com/indpDB/UC-ImageApp-BengaliQuotes/master/C3/HD/11.png,https://raw.githubusercontent.com/indpDB/UC-ImageApp-BengaliQuotes/master/C4/TH/11.png,https://raw.githubusercontent.com/indpDB/UC-ImageApp-BengaliQuotes/master/C4/HD/11.png,https://raw.githubusercontent.com/indpDB/UC-ImageApp-BengaliQuotes/master/C5/TH/11.png,https://raw.githubusercontent.com/indpDB/UC-ImageApp-BengaliQuotes/master/C5/HD/11.png,https://raw.githubusercontent.com/indpDB/UC-ImageApp-BengaliQuotes/master/C6/TH/11.png,https://raw.githubusercontent.com/indpDB/UC-ImageApp-BengaliQuotes/master/C6/HD/11.png,https://raw.githubusercontent.com/indpDB/UC-ImageApp-BengaliQuotes/master/C7/TH/11.png,https://raw.githubusercontent.com/indpDB/UC-ImageApp-BengaliQuotes/master/C7/HD/11.png,https://raw.githubusercontent.com/indpDB/UC-ImageApp-BengaliQuotes/master/C8/TH/11.png,https://raw.githubusercontent.com/indpDB/UC-ImageApp-BengaliQuotes/master/C8/HD/11.png,https://raw.githubusercontent.com/indpDB/UC-ImageApp-BengaliQuotes/master/C9/TH/11.png,https://raw.githubusercontent.com/indpDB/UC-ImageApp-BengaliQuotes/master/C9/HD/11.png,https://raw.githubusercontent.com/indpDB/UC-ImageApp-BengaliQuotes/master/C10/TH/11.png,https://raw.githubusercontent.com/indpDB/UC-ImageApp-BengaliQuotes/master/C10/HD/11.png
,,,https://raw.githubusercontent.com/indpDB/UC-ImageApp-BengaliQuotes/master/C1/TH/12.png,https://raw.githubusercontent.com/indpDB/UC-ImageApp-BengaliQuotes/master/C1/HD/12.png,https://raw.githubusercontent.com/indpDB/UC-ImageApp-BengaliQuotes/master/C2/TH/12.png,https://raw.githubusercontent.com/indpDB/UC-ImageApp-BengaliQuotes/master/C2/HD/12.png,https://raw.githubusercontent.com/indpDB/UC-ImageApp-BengaliQuotes/master/C3/TH/12.png,https://raw.githubusercontent.com/indpDB/UC-ImageApp-BengaliQuotes/master/C3/HD/12.png,https://raw.githubusercontent.com/indpDB/UC-ImageApp-BengaliQuotes/master/C4/TH/12.png,https://raw.githubusercontent.com/indpDB/UC-ImageApp-BengaliQuotes/master/C4/HD/12.png,https://raw.githubusercontent.com/indpDB/UC-ImageApp-BengaliQuotes/master/C5/TH/12.png,https://raw.githubusercontent.com/indpDB/UC-ImageApp-BengaliQuotes/master/C5/HD/12.png,https://raw.githubusercontent.com/indpDB/UC-ImageApp-BengaliQuotes/master/C6/TH/12.png,https://raw.githubusercontent.com/indpDB/UC-ImageApp-BengaliQuotes/master/C6/HD/12.png,https://raw.githubusercontent.com/indpDB/UC-ImageApp-BengaliQuotes/master/C7/TH/12.png,https://raw.githubusercontent.com/indpDB/UC-ImageApp-BengaliQuotes/master/C7/HD/12.png,https://raw.githubusercontent.com/indpDB/UC-ImageApp-BengaliQuotes/master/C8/TH/12.png,https://raw.githubusercontent.com/indpDB/UC-ImageApp-BengaliQuotes/master/C8/HD/12.png,https://raw.githubusercontent.com/indpDB/UC-ImageApp-BengaliQuotes/master/C9/TH/12.png,https://raw.githubusercontent.com/indpDB/UC-ImageApp-BengaliQuotes/master/C9/HD/12.png,https://raw.githubusercontent.com/indpDB/UC-ImageApp-BengaliQuotes/master/C10/TH/12.png,https://raw.githubusercontent.com/indpDB/UC-ImageApp-BengaliQuotes/master/C10/HD/12.png
,,,https://raw.githubusercontent.com/indpDB/UC-ImageApp-BengaliQuotes/master/C1/TH/13.png,https://raw.githubusercontent.com/indpDB/UC-ImageApp-BengaliQuotes/master/C1/HD/13.png,https://raw.githubusercontent.com/indpDB/UC-ImageApp-BengaliQuotes/master/C2/TH/13.png,https://raw.githubusercontent.com/indpDB/UC-ImageApp-BengaliQuotes/master/C2/HD/13.png,https://raw.githubusercontent.com/indpDB/UC-ImageApp-BengaliQuotes/master/C3/TH/13.png,https://raw.githubusercontent.com/indpDB/UC-ImageApp-BengaliQuotes/master/C3/HD/13.png,https://raw.githubusercontent.com/indpDB/UC-ImageApp-BengaliQuotes/master/C4/TH/13.png,https://raw.githubusercontent.com/indpDB/UC-ImageApp-BengaliQuotes/master/C4/HD/13.png,https://raw.githubusercontent.com/indpDB/UC-ImageApp-BengaliQuotes/master/C5/TH/13.png,https://raw.githubusercontent.com/indpDB/UC-ImageApp-BengaliQuotes/master/C5/HD/13.png,https://raw.githubusercontent.com/indpDB/UC-ImageApp-BengaliQuotes/master/C6/TH/13.png,https://raw.githubusercontent.com/indpDB/UC-ImageApp-BengaliQuotes/master/C6/HD/13.png,https://raw.githubusercontent.com/indpDB/UC-ImageApp-BengaliQuotes/master/C7/TH/13.png,https://raw.githubusercontent.com/indpDB/UC-ImageApp-BengaliQuotes/master/C7/HD/13.png,https://raw.githubusercontent.com/indpDB/UC-ImageApp-BengaliQuotes/master/C8/TH/13.png,https://raw.githubusercontent.com/indpDB/UC-ImageApp-BengaliQuotes/master/C8/HD/13.png,https://raw.githubusercontent.com/indpDB/UC-ImageApp-BengaliQuotes/master/C9/TH/13.png,https://raw.githubusercontent.com/indpDB/UC-ImageApp-BengaliQuotes/master/C9/HD/13.png,https://raw.githubusercontent.com/indpDB/UC-ImageApp-BengaliQuotes/master/C10/TH/13.png,https://raw.githubusercontent.com/indpDB/UC-ImageApp-BengaliQuotes/master/C10/HD/13.png
,,,https://raw.githubusercontent.com/indpDB/UC-ImageApp-BengaliQuotes/master/C1/TH/14.png,https://raw.githubusercontent.com/indpDB/UC-ImageApp-BengaliQuotes/master/C1/HD/14.png,https://raw.githubusercontent.com/indpDB/UC-ImageApp-BengaliQuotes/master/C2/TH/14.png,https://raw.githubusercontent.com/indpDB/UC-ImageApp-BengaliQuotes/master/C2/HD/14.png,https://raw.githubusercontent.com/indpDB/UC-ImageApp-BengaliQuotes/master/C3/TH/14.png,https://raw.githubusercontent.com/indpDB/UC-ImageApp-BengaliQuotes/master/C3/HD/14.png,https://raw.githubusercontent.com/indpDB/UC-ImageApp-BengaliQuotes/master/C4/TH/14.png,https://raw.githubusercontent.com/indpDB/UC-ImageApp-BengaliQuotes/master/C4/HD/14.png,https://raw.githubusercontent.com/indpDB/UC-ImageApp-BengaliQuotes/master/C5/TH/14.png,https://raw.githubusercontent.com/indpDB/UC-ImageApp-BengaliQuotes/master/C5/HD/14.png,https://raw.githubusercontent.com/indpDB/UC-ImageApp-BengaliQuotes/master/C6/TH/14.png,https://raw.githubusercontent.com/indpDB/UC-ImageApp-BengaliQuotes/master/C6/HD/14.png,https://raw.githubusercontent.com/indpDB/UC-ImageApp-BengaliQuotes/master/C7/TH/14.png,https://raw.githubusercontent.com/indpDB/UC-ImageApp-BengaliQuotes/master/C7/HD/14.png,https://raw.githubusercontent.com/indpDB/UC-ImageApp-BengaliQuotes/master/C8/TH/14.png,https://raw.githubusercontent.com/indpDB/UC-ImageApp-BengaliQuotes/master/C8/HD/14.png,https://raw.githubusercontent.com/indpDB/UC-ImageApp-BengaliQuotes/master/C9/TH/14.png,https://raw.githubusercontent.com/indpDB/UC-ImageApp-BengaliQuotes/master/C9/HD/14.png,https://raw.githubusercontent.com/indpDB/UC-ImageApp-BengaliQuotes/master/C10/TH/14.png,https://raw.githubusercontent.com/indpDB/UC-ImageApp-BengaliQuotes/master/C10/HD/14.png
,,,https://raw.githubusercontent.com/indpDB/UC-ImageApp-BengaliQuotes/master/C1/TH/15.png,https://raw.githubusercontent.com/indpDB/UC-ImageApp-BengaliQuotes/master/C1/HD/15.png,https://raw.githubusercontent.com/indpDB/UC-ImageApp-BengaliQuotes/master/C2/TH/15.png,https://raw.githubusercontent.com/indpDB/UC-ImageApp-BengaliQuotes/master/C2/HD/15.png,https://raw.githubusercontent.com/indpDB/UC-ImageApp-BengaliQuotes/master/C3/TH/15.png,https://raw.githubusercontent.com/indpDB/UC-ImageApp-BengaliQuotes/master/C3/HD/15.png,https://raw.githubusercontent.com/indpDB/UC-ImageApp-BengaliQuotes/master/C4/TH/15.png,https://raw.githubusercontent.com/indpDB/UC-ImageApp-BengaliQuotes/master/C4/HD/15.png,https://raw.githubusercontent.com/indpDB/UC-ImageApp-BengaliQuotes/master/C5/TH/15.png,https://raw.githubusercontent.com/indpDB/UC-ImageApp-BengaliQuotes/master/C5/HD/15.png,https://raw.githubusercontent.com/indpDB/UC-ImageApp-BengaliQuotes/master/C6/TH/15.png,https://raw.githubusercontent.com/indpDB/UC-ImageApp-BengaliQuotes/master/C6/HD/15.png,https://raw.githubusercontent.com/indpDB/UC-ImageApp-BengaliQuotes/master/C7/TH/15.png,https://raw.githubusercontent.com/indpDB/UC-ImageApp-BengaliQuotes/master/C7/HD/15.png,https://raw.githubusercontent.com/indpDB/UC-ImageApp-BengaliQuotes/master/C8/TH/15.png,https://raw.githubusercontent.com/indpDB/UC-ImageApp-BengaliQuotes/master/C8/HD/15.png,https://raw.githubusercontent.com/indpDB/UC-ImageApp-BengaliQuotes/master/C9/TH/15.png,https://raw.githubusercontent.com/indpDB/UC-ImageApp-BengaliQuotes/master/C9/HD/15.png,https://raw.githubusercontent.com/indpDB/UC-ImageApp-BengaliQuotes/master/C10/TH/15.png,https://raw.githubusercontent.com/indpDB/UC-ImageApp-BengaliQuotes/master/C10/HD/15.png
